name,price,mpn,url
ULT POWER SOUND series | ULT WEAR Wireless Noise Canceling Headphones,119.0,whult900nb.ce7,/product/whult900nb.ce7/ULT-POWER-SOUND-series-7C-ULT-WEAR-Wireless-Noise-Canceling-Headphones
WF-1000XM5 Wireless Noise Cancelling Headphones,219.0,wf1000xm5p.ce7,/product/wf1000xm5p.ce7/WF-1000XM5-Wireless-Noise-Cancelling-Headphones
LinkBuds series | LinkBuds Fit Wireless Noise Canceling Headphones,179.0,wfls910nb.ce7,/product/wfls910nb.ce7/LinkBuds-series-7C-LinkBuds-Fit-Wireless-Noise-Canceling-Headphones
WH-1000XM5 Wireless Noise Cancelling Headphones,249.0,wh1000xm5l.ce7,/product/wh1000xm5l.ce7/WH-1000XM5-Wireless-Noise-Cancelling-Headphones
WH-CH720N Wireless Noise Cancelling Headphones,74.99,whch720np.ce7,/product/whch720np.ce7/WH-CH720N-Wireless-Noise-Cancelling-Headphones
WF-C710N Wireless Noise Cancelling Headphones,99.99,wfc710nb.ce7,/product/wfc710nb.ce7/WF-C710N-Wireless-Noise-Cancelling-Headphones
LinkBuds S,119.0,wfls900nb.ce7,/product/wfls900nb.ce7/LinkBuds-S
WF-C700N Wireless Noise Cancelling Headphones,74.99,wfc700ng.ce7,/product/wfc700ng.ce7/WF-C700N-Wireless-Noise-Cancelling-Headphones
WH-1000XM4 Wireless Noise Cancelling Headphones,199.0,wh1000xm4b.ce7,/product/wh1000xm4b.ce7/WH-1000XM4-Wireless-Noise-Cancelling-Headphones
LinkBuds series | LinkBuds Open Wireless Headphones,179.0,wfl910b.ce7,/product/wfl910b.ce7/LinkBuds-series-7C-LinkBuds-Open-Wireless-Headphones
WH-CH520 Wireless Headphones,39.0,whch520p.ce7,/product/whch520p.ce7/WH-CH520-Wireless-Headphones
WF-C510 Truly Wireless Headphones,55.0,wfc510y.ce7,/product/wfc510y.ce7/WF-C510-Truly-Wireless-Headphones
INZONE H5 Wireless Gaming Headset,129.0,whg500w.ce7,/product/whg500w.ce7/INZONE-H5-Wireless-Gaming-Headset
INZONE Buds Truly Wireless Noise Cancelling Gaming Earbuds,179.0,wfg700nw.ce7,/product/wfg700nw.ce7/INZONE-Buds-Truly-Wireless-Noise-Cancelling-Gaming-Earbuds
INZONE H9 Wireless Noise Cancelling Gaming Headset,229.0,whg900nw.ce7,/product/whg900nw.ce7/INZONE-H9-Wireless-Noise-Cancelling-Gaming-Headset
MDR-M1 Closed Monitor Headphones,209.0,mdrm1.ww2,/product/mdrm1.ww2/MDR-M1-Closed-Monitor-Headphones
MDR-MV1 Open Back Studio Monitor Headphones,399.0,mdr-mv1,/product/mdr-mv1/MDR-MV1-Open-Back-Studio-Monitor-Headphones
LinkBuds series | Air Fitting Supporters for LinkBuds Open,8.0,hacl910sb.ww,/product/hacl910sb.ww/LinkBuds-series-7C-Air-Fitting-Supporters-for-LinkBuds-Open
LinkBuds series | Air Fitting Supporters for LinkBuds Fit,8.0,hacls910nsl.ww,/product/hacls910nsl.ww/LinkBuds-series-7C-Air-Fitting-Supporters-for-LinkBuds-Fit
LinkBuds series | Case Cover for LinkBuds Open,17.0,hacl910cl.ww,/product/hacl910cl.ww/LinkBuds-series-7C-Case-Cover-for-LinkBuds-Open
LinkBuds series | Case Cover for LinkBuds Fit,17.0,hacls910ncv.ww,/product/hacls910ncv.ww/LinkBuds-series-7C-Case-Cover-for-LinkBuds-Fit
ZX110 Headphones,15.0,mdrzx110b.ae,/product/mdrzx110b.ae/ZX110-Headphones
MDR-ZX310 / ZX310AP Headphones,18.0,mdrzx310apb.ce7,/product/mdrzx310apb.ce7/MDR-ZX310-ZX310AP-Headphones
MDR-7506 Stereo professional headphones,86.0,mdr7506.eu,/product/mdr7506.eu/MDR-7506-Professional-Headphones
EP-NI1010SS/NI1010S/EP-NI1010M/EP-NI1010L Noise Isolation Earbud Tips,0.0,epni1010l.ww,/product/epni1010l.ww/EP-NI1010SS-NI1010S-EP-NI1010M-EP-NI1010L-Noise-Isolation-Earbud-Tips
MDR-EX15LP / 15AP In-ear Headphones,10.0,mdrex15lpb.ae,/product/mdrex15lpb.ae/MDR-EX15LP-15AP-In-ear-Headphones
MDR-EX110AP In-ear Headphones,14.99,mdrex110apr.ce7,/product/mdrex110apr.ce7/MDR-EX110AP-In-ear-Headphones
MDR-EX155AP In-ear Headphones,18.0,mdrex155apb.ae,/product/mdrex155apb.ae/MDR-EX155AP-In-ear-Headphones
WI-C100 Wireless In-ear Headphones,29.0,wic100c.ce7,/product/wic100c.ce7/WI-C100-Wireless-In-ear-Headphones
MDR-EX650AP In-ear Headphones,40.0,mdrex650apt.ce7,/product/mdrex650apt.ce7/MDR-EX650AP-In-ear-Headphones
LinkBuds,149.0,wfl900h.ce7,/product/wfl900h.ce7/LinkBuds
INZONE H3 Wired Gaming Headset,55.0,mdrg300w.ce7,/product/mdrg300w.ce7/INZONE-H3-Wired-Gaming-Headset
Z1R Premium Headphones,1650.0,mdrz1r.ww2,/product/mdrz1r.ww2/Z1R-Premium-Headphones
